idna_subject,checker_type,destination,tested_at
2feu.dspmulti.com,AVAILABILITY,domains.list,2021-03-03 02:13:31.106810
2fspeednetwork14.adk2x.com,AVAILABILITY,domains.list,2021-03-03 02:13:32.040138
2i.cnt.my,AVAILABILITY,domains.list,2021-03-03 02:13:32.164906
247access.mookie1.com,AVAILABILITY,domains.list,2021-03-03 02:13:43.172963
152media.adk2x.com,AVAILABILITY,domains.list,2021-03-03 02:13:43.371858
252feu.dspmulti.com,AVAILABILITY,domains.list,2021-03-03 02:13:44.802203
a2logging.steelhousemedia.com,AVAILABILITY,domains.list,2021-03-03 02:13:49.187715
a2.server.cpmstar.com,AVAILABILITY,domains.list,2021-03-03 02:13:49.520279
a6.epom.com,AVAILABILITY,domains.list,2021-03-03 02:13:51.250563
a.adexchangemachine.com,AVAILABILITY,domains.list,2021-03-03 02:13:52.089247
a.admob.com,AVAILABILITY,domains.list,2021-03-03 02:13:52.535097
a.adgrx.com,AVAILABILITY,domains.list,2021-03-03 02:13:53.002769
a.adk2x.com,AVAILABILITY,domains.list,2021-03-03 02:13:53.023393
a.analytics.yahoo.com,AVAILABILITY,domains.list,2021-03-03 02:13:57.380212
a.anthill.vn,AVAILABILITY,domains.list,2021-03-03 02:14:05.895350
a.fqtag.com,AVAILABILITY,domains.list,2021-03-03 02:14:09.632773
a.collective-media.net,AVAILABILITY,domains.list,2021-03-03 02:14:10.208817
a.komoona.com,AVAILABILITY,domains.list,2021-03-03 02:14:12.487873
a.rfrl.pw,AVAILABILITY,domains.list,2021-03-03 02:14:17.785112
a.sharethis.com,AVAILABILITY,domains.list,2021-03-03 02:14:18.634335
a.stg.axonix.com,AVAILABILITY,domains.list,2021-03-03 02:14:20.322799
a-ads.adworkmedia.net,AVAILABILITY,domains.list,2021-03-03 02:14:21.815508
aa-gb.adskeeper.co.uk,AVAILABILITY,domains.list,2021-03-03 02:14:21.821340
aa-nb.adskeeper.co.uk,AVAILABILITY,domains.list,2021-03-03 02:14:22.889825
aan.amazon-adsystem.com,AVAILABILITY,domains.list,2021-03-03 02:14:23.130371
aax.amazon.amazon-adsystem.com,AVAILABILITY,domains.list,2021-03-03 02:14:24.272883
aan.collective-media.net,AVAILABILITY,domains.list,2021-03-03 02:14:31.634490
aax-vx-eu-dub.amazon-adsystem.com,AVAILABILITY,domains.list,2021-03-03 02:14:33.263699
aax-vx-fe-pdx.amazon-adsystem.com,AVAILABILITY,domains.list,2021-03-03 02:14:33.345369
aax-vx-us-pdx.amazon-adsystem.com,AVAILABILITY,domains.list,2021-03-03 02:14:33.842529
aax-vx-us-iad.amazon-adsystem.com,AVAILABILITY,domains.list,2021-03-03 02:14:34.026936
ab.sharethis.com,AVAILABILITY,domains.list,2021-03-03 02:14:35.305802
ab.tune.com,AVAILABILITY,domains.list,2021-03-03 02:14:35.750030
ab-gb.adskeeper.co.uk,AVAILABILITY,domains.list,2021-03-03 02:14:38.038767
ab-nb.adskeeper.co.uk,AVAILABILITY,domains.list,2021-03-03 02:14:38.389617
aboutus.revcontent.com,AVAILABILITY,domains.list,2021-03-03 02:14:39.608744
aboads.adk2x.com,AVAILABILITY,domains.list,2021-03-03 02:14:39.671498
ac.openx.com,AVAILABILITY,domains.list,2021-03-03 02:14:43.134300
accelerator.arsdev.net,AVAILABILITY,domains.list,2021-03-03 02:14:46.919261
acceptance.simpleanalytics.io,AVAILABILITY,domains.list,2021-03-03 02:14:47.512791
access.ui.weborama.com,AVAILABILITY,domains.list,2021-03-03 02:14:50.391369
account.mobfox.com,AVAILABILITY,domains.list,2021-03-03 02:14:52.165994
abtest.mistat.intl.xiaomi.com,AVAILABILITY,domains.list,2021-03-03 02:14:52.820284
accounts.in.backtrace.io,AVAILABILITY,domains.list,2021-03-03 02:14:54.895666
accounts.tune.com,AVAILABILITY,domains.list,2021-03-03 02:14:56.210261
ac-gb.adskeeper.co.uk,AVAILABILITY,domains.list,2021-03-03 02:14:56.714749
acidityfoamy.com,AVAILABILITY,domains.list,2021-03-03 02:14:57.384582
ac-nb.adskeeper.co.uk,AVAILABILITY,domains.list,2021-03-03 02:14:57.727301
access.adblox.net,AVAILABILITY,domains.list,2021-03-03 02:15:05.789537
ad1.adinfuse.com,AVAILABILITY,domains.list,2021-03-03 02:15:06.553433
ad2.adinfuse.com,AVAILABILITY,domains.list,2021-03-03 02:15:09.886664
ad131m.com,AVAILABILITY,domains.list,2021-03-03 02:15:19.211763
ad131m.adk2x.com,AVAILABILITY,domains.list,2021-03-03 02:15:19.893329
ad132m.adk2x.com,AVAILABILITY,domains.list,2021-03-03 02:15:20.020817
ad133m.adk2x.com,AVAILABILITY,domains.list,2021-03-03 02:15:20.787559
ad360.vn,AVAILABILITY,domains.list,2021-03-03 02:15:21.395875
ad.adk2x.com,AVAILABILITY,domains.list,2021-03-03 02:15:26.467005
ad.admarketplace.net,AVAILABILITY,domains.list,2021-03-03 02:15:28.210712
ad.agkn.com,AVAILABILITY,domains.list,2021-03-03 02:15:30.551947
ad.adapter.kaffnet.com,AVAILABILITY,domains.list,2021-03-03 02:15:35.019209
ad.api.kaffnet.com,AVAILABILITY,domains.list,2021-03-03 02:15:40.336575
ad.collective-media.net,AVAILABILITY,domains.list,2021-03-03 02:15:44.845662
ad.daum.net,AVAILABILITY,domains.list,2021-03-03 02:15:46.220915
ad.gate24.ch,AVAILABILITY,domains.list,2021-03-03 02:15:52.360659
ad.click.kaffnet.com,AVAILABILITY,domains.list,2021-03-03 02:15:52.987448
ad.httpool.com,AVAILABILITY,domains.list,2021-03-03 02:15:54.733074
ad.jsecoin.com,AVAILABILITY,domains.list,2021-03-03 02:16:02.231975
ad.kissasian.es,AVAILABILITY,domains.list,2021-03-03 02:16:02.895546
ad.leadbolt.net,AVAILABILITY,domains.list,2021-03-03 02:16:06.207371
ad.lijit.com,AVAILABILITY,domains.list,2021-03-03 02:16:07.422932
ad.icheck.com.vn,AVAILABILITY,domains.list,2021-03-03 02:16:10.135974
ad.mainadv.com,AVAILABILITY,domains.list,2021-03-03 02:16:10.392246
ad.mwork.vn,AVAILABILITY,domains.list,2021-03-03 02:16:13.351007
ad.leadboltmobile.net,AVAILABILITY,domains.list,2021-03-03 02:16:18.456628
ad.qwapi.com,AVAILABILITY,domains.list,2021-03-03 02:16:21.143012
ad.qtcs.com.vn,AVAILABILITY,domains.list,2021-03-03 02:16:21.910901
ad.sharethis.com,AVAILABILITY,domains.list,2021-03-03 02:16:25.100155
ad.smartclip.net,AVAILABILITY,domains.list,2021-03-03 02:16:26.313859
ad.steelhousemedia.com,AVAILABILITY,domains.list,2021-03-03 02:16:27.114969
ad.pxlad.io,AVAILABILITY,domains.list,2021-03-03 02:16:31.463049
ad.youtube.com,AVAILABILITY,domains.list,2021-03-03 02:16:35.856380
ad.yourmedia.com,AVAILABILITY,domains.list,2021-03-03 02:16:35.927729
adback.adform.net,AVAILABILITY,domains.list,2021-03-03 02:16:43.213951
adbetnet.advertserve.com,AVAILABILITY,domains.list,2021-03-03 02:16:43.578708
adbetnetadmin.advertserve.com,AVAILABILITY,domains.list,2021-03-03 02:16:44.132039
adbma.adk2x.com,AVAILABILITY,domains.list,2021-03-03 02:16:45.020374
adblog.microad.jp,AVAILABILITY,domains.list,2021-03-03 02:16:46.029480
adc3-assets-enc-cdn.adcolony.com,AVAILABILITY,domains.list,2021-03-03 02:16:47.541815
adcash.ndf.weborama.com,AVAILABILITY,domains.list,2021-03-03 02:16:49.485705
adcenter.lijit.com,AVAILABILITY,domains.list,2021-03-03 02:16:51.394178
adclient.uimserv.net,AVAILABILITY,domains.list,2021-03-03 02:16:52.740019
adcount.fyber.com,AVAILABILITY,domains.list,2021-03-03 02:16:54.714358
addelivery-engine-api.voodoo-ads.io,AVAILABILITY,domains.list,2021-03-03 02:16:56.270519
ad-deliver.yomedia.vn,AVAILABILITY,domains.list,2021-03-03 02:16:56.906630
adelh.smaato.com,AVAILABILITY,domains.list,2021-03-03 02:16:59.337853
ad-eva.24hstatic.com,AVAILABILITY,domains.list,2021-03-03 02:17:03.177458
adex_admin.propellerads.com,AVAILABILITY,domains.list,2021-03-03 02:17:04.974906
adexchangeprediction.adk2x.com,AVAILABILITY,domains.list,2021-03-03 02:17:06.040441
ad-eu-west-1.pxlad.io,AVAILABILITY,domains.list,2021-03-03 02:17:06.919445
adflbk.adk2x.com,AVAILABILITY,domains.list,2021-03-03 02:17:08.023426
adfly.propellerads.com,AVAILABILITY,domains.list,2021-03-03 02:17:09.086953
adfox.vn,AVAILABILITY,domains.list,2021-03-03 02:17:09.750927
adfunnel.microad.jp,AVAILABILITY,domains.list,2021-03-03 02:17:12.336121
ad-gb.adskeeper.co.uk,AVAILABILITY,domains.list,2021-03-03 02:17:13.313273
adhitzcom.adz2you.net,AVAILABILITY,domains.list,2021-03-03 02:17:15.513535
ad-hcm.24hstatic.com,AVAILABILITY,domains.list,2021-03-03 02:17:16.094613
ad-hn.24hstatic.com,AVAILABILITY,domains.list,2021-03-03 02:17:18.168512
adimg.cnet.com,AVAILABILITY,domains.list,2021-03-03 02:17:21.244918
adimg.cbsi.com,AVAILABILITY,domains.list,2021-03-03 02:17:21.381162
adlog.cbsi.com,AVAILABILITY,domains.list,2021-03-03 02:17:26.597224
ad-m.24hstatic.com,AVAILABILITY,domains.list,2021-03-03 02:17:29.533142
admaven.adk2x.com,AVAILABILITY,domains.list,2021-03-03 02:17:31.429098
admedia.com.vn,AVAILABILITY,domains.list,2021-03-03 02:17:32.326365
admicro3.vcmedia.vn,AVAILABILITY,domains.list,2021-03-03 02:17:35.703597
admicro2.vcmedia.vn,AVAILABILITY,domains.list,2021-03-03 02:17:37.013116
admicro8.vcmedia.vn,AVAILABILITY,domains.list,2021-03-03 02:17:38.951573
admicro7.vcmedia.vn,AVAILABILITY,domains.list,2021-03-03 02:17:39.366806
admicro9.vcmedia.vn,AVAILABILITY,domains.list,2021-03-03 02:17:40.195276
admicro.vcmedia.com,AVAILABILITY,domains.list,2021-03-03 02:17:40.469084
admin.app-adforce.jp,AVAILABILITY,domains.list,2021-03-03 02:17:43.697567
admin.clicksor.com,AVAILABILITY,domains.list,2021-03-03 02:17:44.340471
admin.corp.mparticle.com,AVAILABILITY,domains.list,2021-03-03 02:17:45.357801
admin.iesnare.com,AVAILABILITY,domains.list,2021-03-03 02:17:47.151225
admin.mediaforge.com,AVAILABILITY,domains.list,2021-03-03 02:17:49.196998
admin.revcontent.com,AVAILABILITY,domains.list,2021-03-03 02:17:50.447267
admin.wywy.com,AVAILABILITY,domains.list,2021-03-03 02:17:52.454819
admin-portal.fuseplatform.net,AVAILABILITY,domains.list,2021-03-03 02:17:53.506112
admin-stg.revcontent.com,AVAILABILITY,domains.list,2021-03-03 02:17:54.529516
admtpmp123.adk2x.com,AVAILABILITY,domains.list,2021-03-03 02:17:57.193784
admtpmp127.adk2x.com,AVAILABILITY,domains.list,2021-03-03 02:17:58.367784
adnet-media.net,AVAILABILITY,domains.list,2021-03-03 02:18:01.493264
adomik-site-test.adomik.com,AVAILABILITY,domains.list,2021-03-03 02:18:05.743974
adops.sharethis.com,AVAILABILITY,domains.list,2021-03-03 02:18:07.826013
adopshost.me,AVAILABILITY,domains.list,2021-03-03 02:18:07.939102
adp.axonix.com,AVAILABILITY,domains.list,2021-03-03 02:18:10.103955
adpa.adasiaholdings.com,AVAILABILITY,domains.list,2021-03-03 02:18:11.548078
adpa-dooh-prod-vpn.adasiaholdings.com,AVAILABILITY,domains.list,2021-03-03 02:18:11.940445
adperf.ui.weborama.com,AVAILABILITY,domains.list,2021-03-03 02:18:12.497541
adpickup.adhaven.com,AVAILABILITY,domains.list,2021-03-03 02:18:13.325549
adping.chartbeat.net,AVAILABILITY,domains.list,2021-03-03 02:18:13.778921
adplexmedia.adk2x.com,AVAILABILITY,domains.list,2021-03-03 02:18:14.183757
adproxy-eu-west.fyber.com,AVAILABILITY,domains.list,2021-03-03 02:18:15.816930
adproxy-us-east.fyber.com,AVAILABILITY,domains.list,2021-03-03 02:18:16.132647
adproxy-us-west.fyber.com,AVAILABILITY,domains.list,2021-03-03 02:18:16.194531
adr.mdotm.com,AVAILABILITY,domains.list,2021-03-03 02:18:17.619252
adright.adk2x.com,AVAILABILITY,domains.list,2021-03-03 02:18:19.010863
adres.internet.com,AVAILABILITY,domains.list,2021-03-03 02:18:19.545940
adrock.ua,AVAILABILITY,domains.list,2021-03-03 02:18:20.458693
ads2.adtelligent.com,AVAILABILITY,domains.list,2021-03-03 02:18:29.313499
ads2.jubii.dk,AVAILABILITY,domains.list,2021-03-03 02:18:30.693705
ads1.mojiva.com,AVAILABILITY,domains.list,2021-03-03 02:18:36.036608
ads4.adtelligent.com,AVAILABILITY,domains.list,2021-03-03 02:18:39.838523
ads2.mojiva.com,AVAILABILITY,domains.list,2021-03-03 02:18:41.292195
ads4-adnow.com,AVAILABILITY,domains.list,2021-03-03 02:18:43.192346
ads5.adtelligent.com,AVAILABILITY,domains.list,2021-03-03 02:18:44.284400
ads4.mojiva.com,AVAILABILITY,domains.list,2021-03-03 02:18:47.541536
ads3.mojiva.com,AVAILABILITY,domains.list,2021-03-03 02:18:50.222664
ads.ad.gt,AVAILABILITY,domains.list,2021-03-03 02:18:56.128419
ads.adctrl.com,AVAILABILITY,domains.list,2021-03-03 02:18:59.649165
ads.adasiaholdings.com,AVAILABILITY,domains.list,2021-03-03 02:18:59.887436
ads.adhaven.com,AVAILABILITY,domains.list,2021-03-03 02:19:01.673664
ads.adk2x.com,AVAILABILITY,domains.list,2021-03-03 02:19:01.937813
ads.adshareware.net,AVAILABILITY,domains.list,2021-03-03 02:19:04.381698
ads.adsrvr.org,AVAILABILITY,domains.list,2021-03-03 02:19:04.421692
ads.airpush.com,AVAILABILITY,domains.list,2021-03-03 02:19:08.548456
ads.ak.facebook.com,AVAILABILITY,domains.list,2021-03-03 02:19:09.081418
ads.affiliates-spinit.com,AVAILABILITY,domains.list,2021-03-03 02:19:09.612373
ads5.mojiva.com,AVAILABILITY,domains.list,2021-03-03 02:19:11.661112
ads.asia.cbsinteractive.com,AVAILABILITY,domains.list,2021-03-03 02:19:17.800819
ads.ask.com,AVAILABILITY,domains.list,2021-03-03 02:19:18.207973
ads.avocarrot.com,AVAILABILITY,domains.list,2021-03-03 02:19:19.329469
ads.aws.rubiconproject.com,AVAILABILITY,domains.list,2021-03-03 02:19:19.568550
ads.aws.viber.com,AVAILABILITY,domains.list,2021-03-03 02:19:20.225645
ads.belointeractive.com,AVAILABILITY,domains.list,2021-03-03 02:19:21.695591
ads.bidvertiser.com,AVAILABILITY,domains.list,2021-03-03 02:19:25.839204
ads.clickbuy.bz,AVAILABILITY,domains.list,2021-03-03 02:19:36.022078
ads.clicksor.com,AVAILABILITY,domains.list,2021-03-03 02:19:36.351245
ads.cnn.com,AVAILABILITY,domains.list,2021-03-03 02:19:37.428566
ads.cnet.com,AVAILABILITY,domains.list,2021-03-03 02:19:38.337876
ads.datingyes.com,AVAILABILITY,domains.list,2021-03-03 02:19:42.239643
ads.factorymedia.com,AVAILABILITY,domains.list,2021-03-03 02:19:58.152767
ads.fasttrack-ignite.com,AVAILABILITY,domains.list,2021-03-03 02:19:58.168213
ads.fidelity-media.com,AVAILABILITY,domains.list,2021-03-03 02:19:59.138425
ads.ft.com,AVAILABILITY,domains.list,2021-03-03 02:20:05.688885
ads.heyzap.com,AVAILABILITY,domains.list,2021-03-03 02:20:17.168476
ads.hosting.vcmedia.vn,AVAILABILITY,domains.list,2021-03-03 02:20:21.332720
ads.heytapmobi.com,AVAILABILITY,domains.list,2021-03-03 02:20:22.730122
ads.itsgroup.vn,AVAILABILITY,domains.list,2021-03-03 02:20:27.797434
ads.jubii.dk,AVAILABILITY,domains.list,2021-03-03 02:20:29.446003
ads.lapalingo.com,AVAILABILITY,domains.list,2021-03-03 02:20:35.514551
ads.larryaffiliates.com,AVAILABILITY,domains.list,2021-03-03 02:20:35.665422
ads.linuxfoundation.org,AVAILABILITY,domains.list,2021-03-03 02:20:37.747238
ads.mdotm.com,AVAILABILITY,domains.list,2021-03-03 02:20:39.997992
ads.mobilautomaten.com,AVAILABILITY,domains.list,2021-03-03 02:20:42.099621
ads.mobile-10.com,AVAILABILITY,domains.list,2021-03-03 02:20:42.618177
ads.motormedia.nl,AVAILABILITY,domains.list,2021-03-03 02:20:43.249401
ads.motor-forum.nl,AVAILABILITY,domains.list,2021-03-03 02:20:44.872325
ads.nj.com,AVAILABILITY,domains.list,2021-03-03 02:20:48.714978
ads.onetag-sys.com,AVAILABILITY,domains.list,2021-03-03 02:20:53.661661
ads.prd.ie.internal.unity3d.com,AVAILABILITY,domains.list,2021-03-03 02:21:01.043104
ads.propellerads.com,AVAILABILITY,domains.list,2021-03-03 02:21:02.857924
ads.smaato.net,AVAILABILITY,domains.list,2021-03-03 02:21:16.103967
ads.supersonicads.com,AVAILABILITY,domains.list,2021-03-03 02:21:20.210657
ads.techtv.com,AVAILABILITY,domains.list,2021-03-03 02:21:20.941949
ads.test.adthrive.com,AVAILABILITY,domains.list,2021-03-03 02:21:22.382900
ads.toplayaffiliates.com,AVAILABILITY,domains.list,2021-03-03 02:21:27.896966
ads.whi.co.nz,AVAILABILITY,domains.list,2021-03-03 02:21:47.818597
ads.xtribeapp.com,AVAILABILITY,domains.list,2021-03-03 02:21:48.586188
ads.y-0.net,AVAILABILITY,domains.list,2021-03-03 02:21:49.126667
ads.zdnet.com,AVAILABILITY,domains.list,2021-03-03 02:21:52.622376
ads.zdn.vn,AVAILABILITY,domains.list,2021-03-03 02:21:53.759031
ads-adseast.yldbt.com,AVAILABILITY,domains.list,2021-03-03 02:21:53.852072
ads-adswest-vpc.yldbt.com,AVAILABILITY,domains.list,2021-03-03 02:21:55.520350
ads-adseast-vpc.yldbt.com,AVAILABILITY,domains.list,2021-03-03 02:21:59.010698
adscanner.innity.net,AVAILABILITY,domains.list,2021-03-03 02:22:03.879226
ads-adswest.yldbt.com,AVAILABILITY,domains.list,2021-03-03 02:22:06.392654
adsclock.adk2x.com,AVAILABILITY,domains.list,2021-03-03 02:22:08.931036
adscpm.site,AVAILABILITY,domains.list,2021-03-03 02:22:10.122798
adseast.yldbt.com,AVAILABILITY,domains.list,2021-03-03 02:22:13.557242
adserver2.juicyads.com,AVAILABILITY,domains.list,2021-03-03 02:22:15.586650
adserver.aidameter.com,AVAILABILITY,domains.list,2021-03-03 02:22:21.876774
adserver.devel.adswizz.com,AVAILABILITY,domains.list,2021-03-03 02:22:24.551423
adserver.hardsextube.com,AVAILABILITY,domains.list,2021-03-03 02:22:24.599754
adserver.hotfix.adswizz.com,AVAILABILITY,domains.list,2021-03-03 02:22:25.450929
adserver.hardwareanalysis.com,AVAILABILITY,domains.list,2021-03-03 02:22:26.858009
adserver.nexage.com,AVAILABILITY,domains.list,2021-03-03 02:22:28.468852
adserver.powerlinks.com,AVAILABILITY,domains.list,2021-03-03 02:22:30.172206
adserver.staging.adswizz.com,AVAILABILITY,domains.list,2021-03-03 02:22:32.108600
adserver.viagogo.com,AVAILABILITY,domains.list,2021-03-03 02:22:33.694541
adserver.v3.powerlinks.com,AVAILABILITY,domains.list,2021-03-03 02:22:34.336221
adserver-a-mtc.adtechus.com,AVAILABILITY,domains.list,2021-03-03 02:22:34.734832
adserver-a-northeast-1.adtechjp.com,AVAILABILITY,domains.list,2021-03-03 02:22:34.963240
adserver-a-toy.adtechjp.com,AVAILABILITY,domains.list,2021-03-03 02:22:35.603617
adserver-a-southeast-1.adtechjp.com,AVAILABILITY,domains.list,2021-03-03 02:22:35.707057
adserver-g.juicyads.com,AVAILABILITY,domains.list,2021-03-03 02:22:37.140794
adserver-h.juicyads.com,AVAILABILITY,domains.list,2021-03-03 02:22:37.622184
adserver-origin.adtechjp.com,AVAILABILITY,domains.list,2021-03-03 02:22:37.666507
adserver-origin-ap-northeast-1.adtechjp.com,AVAILABILITY,domains.list,2021-03-03 02:22:38.084029
adserver-origin-ap-southeast-1.adtechjp.com,AVAILABILITY,domains.list,2021-03-03 02:22:38.347425
adserver-sb-ec.adtechus.com,AVAILABILITY,domains.list,2021-03-03 02:22:38.999262
adserver-sb-wc.adtechus.com,AVAILABILITY,domains.list,2021-03-03 02:22:39.256844
adservices.picadmedia.com,AVAILABILITY,domains.list,2021-03-03 02:22:41.318363
adserving.premium.clicksor.com,AVAILABILITY,domains.list,2021-03-03 02:22:41.646981
adserving.supreme.clicksor.com,AVAILABILITY,domains.list,2021-03-03 02:22:41.675272
adserving.dsp.playrix.com,AVAILABILITY,domains.list,2021-03-03 02:22:41.931946
adservingsolutionsinc.adk2x.com,AVAILABILITY,domains.list,2021-03-03 02:22:42.843260
ads-fa.spotify.com,AVAILABILITY,domains.list,2021-03-03 02:22:43.166838
adshost.site,AVAILABILITY,domains.list,2021-03-03 02:22:44.259032
ads-img.doublemax.net,AVAILABILITY,domains.list,2021-03-03 02:22:44.284375
adsk2.co,AVAILABILITY,domains.list,2021-03-03 02:22:45.035467
adskimomedia.adk2x.com,AVAILABILITY,domains.list,2021-03-03 02:22:46.132723
adsop.infolinks.com,AVAILABILITY,domains.list,2021-03-03 02:22:49.290970
adsroute.adk2x.com,AVAILABILITY,domains.list,2021-03-03 02:22:54.228291
adsrv1.tapad.com,AVAILABILITY,domains.list,2021-03-03 02:22:55.144626
adsrv.tapad.com,AVAILABILITY,domains.list,2021-03-03 02:22:56.239965
adsrv-ap-southeast.tapad.com,AVAILABILITY,domains.list,2021-03-03 02:22:57.171784
adsrv-eu.tapad.com,AVAILABILITY,domains.list,2021-03-03 02:22:57.631160
adsrv-eu-ssl.tapad.com,AVAILABILITY,domains.list,2021-03-03 02:22:58.119768
adsrvmedia.adk2x.com,AVAILABILITY,domains.list,2021-03-03 02:22:59.222185
adsrv-us-east.tapad.com,AVAILABILITY,domains.list,2021-03-03 02:23:00.444394
adsrv-us-west.tapad.com,AVAILABILITY,domains.list,2021-03-03 02:23:01.072862
adsrv-us-west-ssl.tapad.com,AVAILABILITY,domains.list,2021-03-03 02:23:01.940289
ads-s3.adthrive.com,AVAILABILITY,domains.list,2021-03-03 02:23:02.422964
ads-static.breaktime.com.tw,AVAILABILITY,domains.list,2021-03-03 02:23:05.326724
ad-stinger.prod.bidr.io,AVAILABILITY,domains.list,2021-03-03 02:23:08.126154
adstract.adk2x.com,AVAILABILITY,domains.list,2021-03-03 02:23:08.857292
adstrac.adk2x.com,AVAILABILITY,domains.list,2021-03-03 02:23:08.858235
ads-useast1.yldbt.com,AVAILABILITY,domains.list,2021-03-03 02:23:12.570551
ads-useast1n.yldbt.com,AVAILABILITY,domains.list,2021-03-03 02:23:15.698590
ads-uswest2n.yldbt.com,AVAILABILITY,domains.list,2021-03-03 02:23:18.269586
adtag.api.loopme.me,AVAILABILITY,domains.list,2021-03-03 02:23:20.485793
adswest.yldbt.com,AVAILABILITY,domains.list,2021-03-03 02:23:22.970756
adtech.advertising.com,AVAILABILITY,domains.list,2021-03-03 02:23:23.806761
adtgs.adk2x.com,AVAILABILITY,domains.list,2021-03-03 02:23:25.245440
adthink.adk2x.com,AVAILABILITY,domains.list,2021-03-03 02:23:25.727622
adto.adk2x.com,AVAILABILITY,domains.list,2021-03-03 02:23:32.161662
adtracker.inmobi.com,AVAILABILITY,domains.list,2021-03-03 02:23:34.312092
ad-track.aralego.com,AVAILABILITY,domains.list,2021-03-03 02:23:34.386091
adultadmedia.com,AVAILABILITY,domains.list,2021-03-03 02:23:35.678451
ad-us-west-2.pxlad.io,AVAILABILITY,domains.list,2021-03-03 02:23:47.623673
ad-us-east-1.pxlad.io,AVAILABILITY,domains.list,2021-03-03 02:23:53.529870
advanpromo.com,AVAILABILITY,domains.list,2021-03-03 02:23:58.904046
adv.lavanetwork.net,AVAILABILITY,domains.list,2021-03-03 02:24:00.557520
advertiser.ad360.vn,AVAILABILITY,domains.list,2021-03-03 02:24:04.210318
advertisement.tanx.com,AVAILABILITY,domains.list,2021-03-03 02:24:05.526473
advhost.site,AVAILABILITY,domains.list,2021-03-03 02:24:11.600800
advmaraka.com,AVAILABILITY,domains.list,2021-03-03 02:24:13.429630
adviral.adk2x.com,AVAILABILITY,domains.list,2021-03-03 02:24:13.711891
adwords.mediaz.vn,AVAILABILITY,domains.list,2021-03-03 02:24:19.531219
adwww.pubnative.net,AVAILABILITY,domains.list,2021-03-03 02:24:20.911191
adx.callback.batmobi.net,AVAILABILITY,domains.list,2021-03-03 02:24:27.074532
adx.districtm.ca,AVAILABILITY,domains.list,2021-03-03 02:24:27.467556
adxpd.dable.io,AVAILABILITY,domains.list,2021-03-03 02:24:43.670315
ae-gb.adskeeper.co.uk,AVAILABILITY,domains.list,2021-03-03 02:24:46.755937
aff.creativecdn.com,AVAILABILITY,domains.list,2021-03-03 02:24:50.603473
affiliate.viator.com,AVAILABILITY,domains.list,2021-03-03 02:24:55.395085
affle.bevo.adsnative.com,AVAILABILITY,domains.list,2021-03-03 02:25:00.527494
af-gb.adskeeper.co.uk,AVAILABILITY,domains.list,2021-03-03 02:25:00.999874
afx.creativecdn.com,AVAILABILITY,domains.list,2021-03-03 02:25:03.999322
ag-gb.adskeeper.co.uk,AVAILABILITY,domains.list,2021-03-03 02:25:04.971005
agiegoeig.com,AVAILABILITY,domains.list,2021-03-03 02:25:05.092714
ah-gb.adskeeper.co.uk,AVAILABILITY,domains.list,2021-03-03 02:25:06.361037
ai078.insightexpressai.com,AVAILABILITY,domains.list,2021-03-03 02:25:06.872735
ai113.insightexpressai.com,AVAILABILITY,domains.list,2021-03-03 02:25:07.280550
ai125.insightexpressai.com,AVAILABILITY,domains.list,2021-03-03 02:25:07.567352
ai003.insightexpressai.com,AVAILABILITY,domains.list,2021-03-03 02:25:08.110260
aidl-dev1001.data.corp.inmobi.com,AVAILABILITY,domains.list,2021-03-03 02:25:09.318211
aidu-ads.de,AVAILABILITY,domains.list,2021-03-03 02:25:09.693897
ai-gb.adskeeper.co.uk,AVAILABILITY,domains.list,2021-03-03 02:25:09.991543
ai-personalization-prod-api.demandbase.com,AVAILABILITY,domains.list,2021-03-03 02:25:12.240265
aip-stg.insightexpressai.com,AVAILABILITY,domains.list,2021-03-03 02:25:15.893558
airtrack.adtdp.com,AVAILABILITY,domains.list,2021-03-03 02:25:16.270556
aj1278.online,AVAILABILITY,domains.list,2021-03-03 02:25:17.177224
aj1101.online,AVAILABILITY,domains.list,2021-03-03 02:25:17.449739
aj1461.online,AVAILABILITY,domains.list,2021-03-03 02:25:17.990142
aj1435.online,AVAILABILITY,domains.list,2021-03-03 02:25:18.030277
aj1721.online,AVAILABILITY,domains.list,2021-03-03 02:25:19.082357
aj1740.online,AVAILABILITY,domains.list,2021-03-03 02:25:19.343455
aj1761.online,AVAILABILITY,domains.list,2021-03-03 02:25:19.608001
aj1760.online,AVAILABILITY,domains.list,2021-03-03 02:25:19.759816
aj1765.online,AVAILABILITY,domains.list,2021-03-03 02:25:20.167804
aj1769.online,AVAILABILITY,domains.list,2021-03-03 02:25:20.772403
aj-gb.adskeeper.co.uk,AVAILABILITY,domains.list,2021-03-03 02:25:22.525680
ak.p.openx.net,AVAILABILITY,domains.list,2021-03-03 02:25:26.848435
aka-cdn.geo.adtechus.com,AVAILABILITY,domains.list,2021-03-03 02:25:28.618364
ak-gb.adskeeper.co.uk,AVAILABILITY,domains.list,2021-03-03 02:25:31.340473
al1.sharethis.com,AVAILABILITY,domains.list,2021-03-03 02:25:34.285630
alav.propellerads.com,AVAILABILITY,domains.list,2021-03-03 02:25:35.161208
albawaba.advertserve.com,AVAILABILITY,domains.list,2021-03-03 02:25:36.585531
alea.adam.ad.daum.net,AVAILABILITY,domains.list,2021-03-03 02:25:42.183021
alexa.propellerads.com,AVAILABILITY,domains.list,2021-03-03 02:25:42.546476
al-gb.adskeeper.co.uk,AVAILABILITY,domains.list,2021-03-03 02:25:42.826909
alibaba.tanx.com,AVAILABILITY,domains.list,2021-03-03 02:25:43.003687
alivar.com.vn,AVAILABILITY,domains.list,2021-03-03 02:25:43.951881
alkutbay.starbolt.io,AVAILABILITY,domains.list,2021-03-03 02:25:44.237041
all.unrulyx.unrulymedia.com,AVAILABILITY,domains.list,2021-03-03 02:25:45.770689
alldcs-distinct.outbrain.com,AVAILABILITY,domains.list,2021-03-03 02:25:46.134145
alog.umeng.co,AVAILABILITY,domains.list,2021-03-03 02:25:50.858904
alpha.leanplum.com,AVAILABILITY,domains.list,2021-03-03 02:25:52.933126
alpha-analytics.toast.com,AVAILABILITY,domains.list,2021-03-03 02:25:54.932018
altb.marfeel.com,AVAILABILITY,domains.list,2021-03-03 02:25:57.788237
alumni.erw.clicksor.com,AVAILABILITY,domains.list,2021-03-03 02:25:59.491018
alteryx.marketo.com,AVAILABILITY,domains.list,2021-03-03 02:25:59.882332
amanad.adtdp.com,AVAILABILITY,domains.list,2021-03-03 02:26:01.527759
am-gb.adskeeper.co.uk,AVAILABILITY,domains.list,2021-03-03 02:26:03.824335
amrytt.adk2x.com,AVAILABILITY,domains.list,2021-03-03 02:26:16.159042
amscdn.relap.io,AVAILABILITY,domains.list,2021-03-03 02:26:23.120286
an.3lift.com,AVAILABILITY,domains.list,2021-03-03 02:26:24.230742
analytics2.ad.daum.net,AVAILABILITY,domains.list,2021-03-03 02:26:32.006150
analytics.admob.com,AVAILABILITY,domains.list,2021-03-03 02:26:34.474614
analytics.easyvideo.vn,AVAILABILITY,domains.list,2021-03-03 02:26:47.644471
analytics.edgesuite.net,AVAILABILITY,domains.list,2021-03-03 02:26:48.951944
analytics.edgekey.net,AVAILABILITY,domains.list,2021-03-03 02:26:48.979594
analytics.go.com,AVAILABILITY,domains.list,2021-03-03 02:26:50.169932
analytics.jabong.com,AVAILABILITY,domains.list,2021-03-03 02:27:00.600750
analytics.ma.tune.com,AVAILABILITY,domains.list,2021-03-03 02:27:04.695971
analytics.newsinc.com,AVAILABILITY,domains.list,2021-03-03 02:27:09.187338
analytics.proads.space,AVAILABILITY,domains.list,2021-03-03 02:27:15.305189
analytics.samba.tv,AVAILABILITY,domains.list,2021-03-03 02:27:30.828090
amobi.vn,AVAILABILITY,domains.list,2021-03-03 02:27:33.723415
analytics.skyrocket.adtdp.com,AVAILABILITY,domains.list,2021-03-03 02:27:39.918753
analytics.toast.com,AVAILABILITY,domains.list,2021-03-03 02:27:40.193114
analytics.upsight.com,AVAILABILITY,domains.list,2021-03-03 02:27:41.525908
analytics.wywy.com,AVAILABILITY,domains.list,2021-03-03 02:27:44.057595
analytics-development.ematicsolutions.com,AVAILABILITY,domains.list,2021-03-03 02:27:44.609360
analyticstest.localytics.com,AVAILABILITY,domains.list,2021-03-03 02:27:46.883998
analyze.wywy.com,AVAILABILITY,domains.list,2021-03-03 02:27:47.690578
andbeyond.cdn.firstimpression.io,AVAILABILITY,domains.list,2021-03-03 02:27:49.126766
android.adz2you.net,AVAILABILITY,domains.list,2021-03-03 02:27:49.281720
andbeyond.ecdn.firstimpression.io,AVAILABILITY,domains.list,2021-03-03 02:27:49.365450
android.heyzap.com,AVAILABILITY,domains.list,2021-03-03 02:27:49.930541
an-gb.adskeeper.co.uk,AVAILABILITY,domains.list,2021-03-03 02:27:51.844116
anil.vdopia.com,AVAILABILITY,domains.list,2021-03-03 02:27:52.936635
answersden.indexexchange.com,AVAILABILITY,domains.list,2021-03-03 02:27:56.587602
anvil.rubiconproject.com,AVAILABILITY,domains.list,2021-03-03 02:27:59.476200
ao-gb.adskeeper.co.uk,AVAILABILITY,domains.list,2021-03-03 02:28:03.356457
ap.33across.com,AVAILABILITY,domains.list,2021-03-03 02:28:04.761351
ap.api.33across.com,AVAILABILITY,domains.list,2021-03-03 02:28:06.155620
ap.cdn.33across.com,AVAILABILITY,domains.list,2021-03-03 02:28:07.021414
apac.analytics.yahoo.com,AVAILABILITY,domains.list,2021-03-03 02:28:07.341196
apac-sg.bidswitch.net,AVAILABILITY,domains.list,2021-03-03 02:28:12.027823
ap-gb.adskeeper.co.uk,AVAILABILITY,domains.list,2021-03-03 02:28:14.602181
api2.ematicsolutions.com,AVAILABILITY,domains.list,2021-03-03 02:28:16.851013
api.ab.tune.com,AVAILABILITY,domains.list,2021-03-03 02:28:23.458645
api.adcaffe.com,AVAILABILITY,domains.list,2021-03-03 02:28:27.588782
api.adflex.asia,AVAILABILITY,domains.list,2021-03-03 02:28:28.209259
api.admob.xiaomi.com,AVAILABILITY,domains.list,2021-03-03 02:28:29.259471
api.ad-score.com,AVAILABILITY,domains.list,2021-03-03 02:28:30.428611
api.adsnative.com,AVAILABILITY,domains.list,2021-03-03 02:28:31.502768
api.aws.taplytics.com,AVAILABILITY,domains.list,2021-03-03 02:28:38.766641
api.batmobi.net,AVAILABILITY,domains.list,2021-03-03 02:28:40.093716
api.bee7.com,AVAILABILITY,domains.list,2021-03-03 02:28:40.640189
api.bidtellect.com,AVAILABILITY,domains.list,2021-03-03 02:28:40.907366
api.bizographics.com,AVAILABILITY,domains.list,2021-03-03 02:28:41.717923
api.cloud.wywy.com,AVAILABILITY,domains.list,2021-03-03 02:28:45.723360
api.connatix.com,AVAILABILITY,domains.list,2021-03-03 02:28:46.486461
api.dsp.batmobi.net,AVAILABILITY,domains.list,2021-03-03 02:28:51.957736
api.epom.com,AVAILABILITY,domains.list,2021-03-03 02:28:58.288389
api.glispa.com,AVAILABILITY,domains.list,2021-03-03 02:29:00.218323
api.instartlogic.com,AVAILABILITY,domains.list,2021-03-03 02:29:05.450822
api.jetlore.com,AVAILABILITY,domains.list,2021-03-03 02:29:06.399295
api.jsecoin.com,AVAILABILITY,domains.list,2021-03-03 02:29:06.753933
api.ladipage.vn,AVAILABILITY,domains.list,2021-03-03 02:29:07.802391
api.leadbolt.net,AVAILABILITY,domains.list,2021-03-03 02:29:08.466296
api.millennialmedia.com,AVAILABILITY,domains.list,2021-03-03 02:29:10.682824
api.mobfox.com,AVAILABILITY,domains.list,2021-03-03 02:29:11.223826
api.mobojoy.baidu.com,AVAILABILITY,domains.list,2021-03-03 02:29:13.869153
api.playbuzz.com,AVAILABILITY,domains.list,2021-03-03 02:29:18.654194
api.production.jetlore.com,AVAILABILITY,domains.list,2021-03-03 02:29:20.117335
api.propellerads.com,AVAILABILITY,domains.list,2021-03-03 02:29:21.458781
api.qa.branch.io,AVAILABILITY,domains.list,2021-03-03 02:29:23.744293
api.recorder.duapps.com,AVAILABILITY,domains.list,2021-03-03 02:29:25.514050
api.rqa.recorder.duapps.com,AVAILABILITY,domains.list,2021-03-03 02:29:28.747660
api.safedk.com,AVAILABILITY,domains.list,2021-03-03 02:29:34.803161
api.pxlad.io,AVAILABILITY,domains.list,2021-03-03 02:29:41.288105
api.sharethis.com,AVAILABILITY,domains.list,2021-03-03 02:29:43.531581
api.staging.connatix.com,AVAILABILITY,domains.list,2021-03-03 02:29:47.373933
api.tag.adtima.vn,AVAILABILITY,domains.list,2021-03-03 02:29:57.314126
api.urbanairship.com,AVAILABILITY,domains.list,2021-03-03 02:29:59.871721
api.web.analytics.yahoo.com,AVAILABILITY,domains.list,2021-03-03 02:30:03.457894
api-apac.web.analytics.yahoo.com,AVAILABILITY,domains.list,2021-03-03 02:30:15.367100
api-bg.web.analytics.yahoo.com,AVAILABILITY,domains.list,2021-03-03 02:30:16.032181
api-ap-southeast-1.adsnative.com,AVAILABILITY,domains.list,2021-03-03 02:30:16.055055
api-cache.adsnative.com,AVAILABILITY,domains.list,2021-03-03 02:30:16.325255
api-dev.instartlogic.com,AVAILABILITY,domains.list,2021-03-03 02:30:17.449788
api-eu-west-1.adsnative.com,AVAILABILITY,domains.list,2021-03-03 02:30:17.894164
api-eu-central-1.petametrics.com,AVAILABILITY,domains.list,2021-03-03 02:30:18.240956
api-eu-west-1.petametrics.com,AVAILABILITY,domains.list,2021-03-03 02:30:18.934145
api.qa.test.appsee.com,AVAILABILITY,domains.list,2021-03-03 02:30:23.542967
api-partner.breaktime.com.tw,AVAILABILITY,domains.list,2021-03-03 02:30:26.876879
api-ono.web.analytics.yahoo.com,AVAILABILITY,domains.list,2021-03-03 02:30:27.102193
api-proxy.bee7.com,AVAILABILITY,domains.list,2021-03-03 02:30:27.579501
apis.adsymptotic.com,AVAILABILITY,domains.list,2021-03-03 02:30:28.499989
apis.sharethrough.com,AVAILABILITY,domains.list,2021-03-03 02:30:29.971547
apis.web.analytics.yahoo.com,AVAILABILITY,domains.list,2021-03-03 02:30:30.067628
apis-ci.web.analytics.yahoo.com,AVAILABILITY,domains.list,2021-03-03 02:30:30.553439
apis.staging.sharethrough.com,AVAILABILITY,domains.list,2021-03-03 02:30:30.782810
apis-acceptance.sharethrough.com,AVAILABILITY,domains.list,2021-03-03 02:30:31.053447
api-staging.playbuzz.com,AVAILABILITY,domains.list,2021-03-03 02:30:32.064147
apis-staging.sharethrough.com,AVAILABILITY,domains.list,2021-03-03 02:30:32.254118
api-tracker.mobfox.com,AVAILABILITY,domains.list,2021-03-03 02:30:33.551751
api-us-east-1.adsnative.com,AVAILABILITY,domains.list,2021-03-03 02:30:33.783196
api-v2.instartlogic.com,AVAILABILITY,domains.list,2021-03-03 02:30:34.982313
api-v2.publift.com,AVAILABILITY,domains.list,2021-03-03 02:30:35.594391
apk-api.ematicsolutions.com,AVAILABILITY,domains.list,2021-03-03 02:30:36.034648
apix.web.analytics.yahoo.com,AVAILABILITY,domains.list,2021-03-03 02:30:36.586208
apn-app-001.triplelift.com,AVAILABILITY,domains.list,2021-03-03 02:30:38.165554
app.adomik.com,AVAILABILITY,domains.list,2021-03-03 02:30:41.127510
app.ethicalads.io,AVAILABILITY,domains.list,2021-03-03 02:30:44.113552
app.instartlogic.com,AVAILABILITY,domains.list,2021-03-03 02:30:45.474916
app.scanscout.com,AVAILABILITY,domains.list,2021-03-03 02:30:48.091447
app-analyticsv2.snapchat.com,AVAILABILITY,domains.list,2021-03-03 02:30:52.599030
app-dev.instartlogic.com,AVAILABILITY,domains.list,2021-03-03 02:30:54.378245
appengage-fyber.fyber.com,AVAILABILITY,domains.list,2021-03-03 02:30:54.548739
appengage-video.staging.fyber.com,AVAILABILITY,domains.list,2021-03-03 02:30:55.774888
appgrowth.appsee.com,AVAILABILITY,domains.list,2021-03-03 02:30:56.645391
apple.taplytics.com,AVAILABILITY,domains.list,2021-03-03 02:30:57.122771
applog.tiktokv.com,AVAILABILITY,domains.list,2021-03-03 02:31:00.732772
appmetrica.yandex.net,AVAILABILITY,domains.list,2021-03-03 02:31:02.516169
appnexus-rtb.svc.adhaven.com,AVAILABILITY,domains.list,2021-03-03 02:31:03.987955
apps.propellerads.com,AVAILABILITY,domains.list,2021-03-03 02:31:07.481179
apps.nexus.bazaarvoice.com,AVAILABILITY,domains.list,2021-03-03 02:31:08.027672
apptesting.appsee.com,AVAILABILITY,domains.list,2021-03-03 02:31:10.196648
aps.insight.adsrvr.org,AVAILABILITY,domains.list,2021-03-03 02:31:11.789260
ap-southeast-1.dc-dev.ads.linkedin.com,AVAILABILITY,domains.list,2021-03-03 02:31:12.531479
aq-gb.adskeeper.co.uk,AVAILABILITY,domains.list,2021-03-03 02:31:16.328389
architectzerosum.com,AVAILABILITY,domains.list,2021-03-03 02:31:18.593440
area51-ts.com,AVAILABILITY,domains.list,2021-03-03 02:31:18.891082
ar-gb.adskeeper.co.uk,AVAILABILITY,domains.list,2021-03-03 02:31:19.192768
artifactory.districtm.net,AVAILABILITY,domains.list,2021-03-03 02:31:20.653822
as.cdn5.onthe.io,AVAILABILITY,domains.list,2021-03-03 02:31:23.056903
as.o333o.com,AVAILABILITY,domains.list,2021-03-03 02:31:23.170097
asap.sharethrough.com,AVAILABILITY,domains.list,2021-03-03 02:31:24.305860
a-sb-ec.adtechus.com,AVAILABILITY,domains.list,2021-03-03 02:31:24.621579
as-gb.adskeeper.co.uk,AVAILABILITY,domains.list,2021-03-03 02:31:27.607843
ashk.innity.com,AVAILABILITY,domains.list,2021-03-03 02:31:28.927276
aspboxant.club,AVAILABILITY,domains.list,2021-03-03 02:31:31.759119
aspui.im-apps.net,AVAILABILITY,domains.list,2021-03-03 02:31:32.606986
asplexmedia.adk2x.com,AVAILABILITY,domains.list,2021-03-03 02:31:32.973652
asset1.fyber.com,AVAILABILITY,domains.list,2021-03-03 02:31:34.252448
asset2.fyber.com,AVAILABILITY,domains.list,2021-03-03 02:31:34.428236
asset3.fyber.com,AVAILABILITY,domains.list,2021-03-03 02:31:34.563367
asset4.fyber.com,AVAILABILITY,domains.list,2021-03-03 02:31:34.774575
assets.acceptance.sharethrough.com,AVAILABILITY,domains.list,2021-03-03 02:31:35.945207
assets.jetlore.com,AVAILABILITY,domains.list,2021-03-03 02:31:42.463167
assets.prebid.org,AVAILABILITY,domains.list,2021-03-03 02:31:43.369342
assets.publift.com,AVAILABILITY,domains.list,2021-03-03 02:31:43.935460
assets.sharethrough.com,AVAILABILITY,domains.list,2021-03-03 02:31:45.905570
assets.staging.sharethrough.com,AVAILABILITY,domains.list,2021-03-03 02:31:47.558996
assets-staging.sharethrough.com,AVAILABILITY,domains.list,2021-03-03 02:31:50.029700
assets-acceptance.sharethrough.com,AVAILABILITY,domains.list,2021-03-03 02:31:50.182598
associate.microad.jp,AVAILABILITY,domains.list,2021-03-03 02:31:51.132747
astats.bidgear.com,AVAILABILITY,domains.list,2021-03-03 02:32:01.954623
asth.innity.com,AVAILABILITY,domains.list,2021-03-03 02:32:03.191291
asvn.innity.com,AVAILABILITY,domains.list,2021-03-03 02:32:06.768988
atd.im-apps.net,AVAILABILITY,domains.list,2021-03-03 02:32:12.400095
at-gb.adskeeper.co.uk,AVAILABILITY,domains.list,2021-03-03 02:32:13.354466
atlassian2.fyber.com,AVAILABILITY,domains.list,2021-03-03 02:32:15.142255
atlassian.fyber.com,AVAILABILITY,domains.list,2021-03-03 02:32:15.456295
atomlog.adop.cc,AVAILABILITY,domains.list,2021-03-03 02:32:23.419831
atwola-sb-ec.adtechus.com,AVAILABILITY,domains.list,2021-03-03 02:32:30.549890
atwola-sb-wc.adtechus.com,AVAILABILITY,domains.list,2021-03-03 02:32:31.326025
au.doubleclick.net,AVAILABILITY,domains.list,2021-03-03 02:32:34.154972
au.linkshare.com,AVAILABILITY,domains.list,2021-03-03 02:32:36.595503
a-uat.breaktime.com.tw,AVAILABILITY,domains.list,2021-03-03 02:32:44.407668
auction-master.ads.prd.ie.internal.unity3d.com,AVAILABILITY,domains.list,2021-03-03 02:32:47.509993
audience.powerlinks.com,AVAILABILITY,domains.list,2021-03-03 02:32:49.379878
audiences.tune.com,AVAILABILITY,domains.list,2021-03-03 02:32:51.035360
augmenttech.advertserve.com,AVAILABILITY,domains.list,2021-03-03 02:32:54.406938
assoc-msdk-fe.amazon-adsystem.com,AVAILABILITY,domains.list,2021-03-03 02:33:04.903019
auth.corp.instartlogic.com,AVAILABILITY,domains.list,2021-03-03 02:33:07.006933
authportal.optimizely.com,AVAILABILITY,domains.list,2021-03-03 02:33:10.068560
assoc-msdk-metrics-us.amazon-adsystem.com,AVAILABILITY,domains.list,2021-03-03 02:33:10.213746
autodiscover.mm.marketo.com,AVAILABILITY,domains.list,2021-03-03 02:33:14.371703
autopilot.dz.optimizely.com,AVAILABILITY,domains.list,2021-03-03 02:33:16.071157
avr2.smaato.net,AVAILABILITY,domains.list,2021-03-03 02:33:20.632225
avr3.smaato.net,AVAILABILITY,domains.list,2021-03-03 02:33:21.015591
avr.smaato.net,AVAILABILITY,domains.list,2021-03-03 02:33:21.149542
avvn.innity.com,AVAILABILITY,domains.list,2021-03-03 02:33:21.951622
awesome.bizible.com,AVAILABILITY,domains.list,2021-03-03 02:33:22.781286
aws.playbuzz.com,AVAILABILITY,domains.list,2021-03-03 02:33:23.894734
aws-adserver-origin.adtechjp.com,AVAILABILITY,domains.list,2021-03-03 02:33:24.592938
aws-adserver-origin-ap-northeast-1.adtechjp.com,AVAILABILITY,domains.list,2021-03-03 02:33:24.697153
aws-adserver-origin-ap-southeast-1.adtechjp.com,AVAILABILITY,domains.list,2021-03-03 02:33:24.913425
aws-cni-test.us-west-2.k8s.ops.tune.com,AVAILABILITY,domains.list,2021-03-03 02:33:26.869327
aws-production-banner-server-eu-west-1.banner-server.fyber.com,AVAILABILITY,domains.list,2021-03-03 02:33:27.273958
aws-production-banner-server-us-west-2.banner-server.fyber.com,AVAILABILITY,domains.list,2021-03-03 02:33:27.336529
aws-staging-banner-eu-west-1.staging-banner.fyber.com,AVAILABILITY,domains.list,2021-03-03 02:33:27.383349
azcdn.criteo.net,AVAILABILITY,domains.list,2021-03-03 02:33:30.190143
azcdn-preprod.criteo.net,AVAILABILITY,domains.list,2021-03-03 02:33:30.515648
b3-eu.mookie1.com,AVAILABILITY,domains.list,2021-03-03 02:33:33.544568
b.blueserving.com,AVAILABILITY,domains.list,2021-03-03 02:33:37.115824
b.chartboost.com,AVAILABILITY,domains.list,2021-03-03 02:33:38.154939
b.fqtag.com,AVAILABILITY,domains.list,2021-03-03 02:33:40.355460
babanetwork.adk2x.com,AVAILABILITY,domains.list,2021-03-03 02:33:46.286497
backend.twik.io,AVAILABILITY,domains.list,2021-03-03 02:33:50.179059
bahraincinema.advertserve.com,AVAILABILITY,domains.list,2021-03-03 02:33:53.442206
baku.im-apps.net,AVAILABILITY,domains.list,2021-03-03 02:33:54.342766
bam-1.nr-data.net,AVAILABILITY,domains.list,2021-03-03 02:33:55.297490
bam-2.nr-data.net,AVAILABILITY,domains.list,2021-03-03 02:33:55.634860
bam-3.nr-data.net,AVAILABILITY,domains.list,2021-03-03 02:33:55.976675
bam-4.nr-data.net,AVAILABILITY,domains.list,2021-03-03 02:33:56.247110
bam-5.nr-data.net,AVAILABILITY,domains.list,2021-03-03 02:33:56.250121
bamboo-testing.districtm.net,AVAILABILITY,domains.list,2021-03-03 02:33:58.336762
banner.gameads.io,AVAILABILITY,domains.list,2021-03-03 02:34:07.866997
banner.vietnamfinance.vn,AVAILABILITY,domains.list,2021-03-03 02:34:21.827172
bannerfarm.ace.advertising.com,AVAILABILITY,domains.list,2021-03-03 02:34:24.846894
banners.itunes.apple.com,AVAILABILITY,domains.list,2021-03-03 02:34:39.085299
b.collective-media.net,AVAILABILITY,domains.list,2021-03-03 02:34:39.393854
banners.supersonicads.com,AVAILABILITY,domains.list,2021-03-03 02:34:41.888021
batterylab.duapps.com,AVAILABILITY,domains.list,2021-03-03 02:34:50.942724
bch.advertserve.com,AVAILABILITY,domains.list,2021-03-03 02:34:58.401547
bck-herz.propellerads.com,AVAILABILITY,domains.list,2021-03-03 02:34:59.244461
bdaz.adsfactor.net,AVAILABILITY,domains.list,2021-03-03 02:35:01.778325
bdfrm.bidvertiser.com,AVAILABILITY,domains.list,2021-03-03 02:35:02.279581
bds.mdotm.com,AVAILABILITY,domains.list,2021-03-03 02:35:02.327334
be.fyber.com,AVAILABILITY,domains.list,2021-03-03 02:35:02.684104
beacon-3.newrelic.com,AVAILABILITY,domains.list,2021-03-03 02:35:03.258645
beacon-maxis.krxd.net,AVAILABILITY,domains.list,2021-03-03 02:35:11.333769
beacons-blackholed.gcp.gvt2.com,AVAILABILITY,domains.list,2021-03-03 02:35:12.970581
beam.innity.com,AVAILABILITY,domains.list,2021-03-03 02:35:14.460738
bell-ex.acuityplatform.com,AVAILABILITY,domains.list,2021-03-03 02:35:16.042672
bell-ads.acuityplatform.com,AVAILABILITY,domains.list,2021-03-03 02:35:16.104981
bell-serve.acuityplatform.com,AVAILABILITY,domains.list,2021-03-03 02:35:16.374752
bell-img.acuityplatform.com,AVAILABILITY,domains.list,2021-03-03 02:35:16.386096
b-endpoint-elb-307841411.adomik.com,AVAILABILITY,domains.list,2021-03-03 02:35:17.531748
benk.logging.admicro.vn,AVAILABILITY,domains.list,2021-03-03 02:35:20.174153
bevo-ap-southeast-1.adsnative.com,AVAILABILITY,domains.list,2021-03-03 02:35:21.370730
bevo-eu-west-1.adsnative.com,AVAILABILITY,domains.list,2021-03-03 02:35:21.681831
bevo-us-central1.adsnative.com,AVAILABILITY,domains.list,2021-03-03 02:35:21.986843
bevo-us-east-1.adsnative.com,AVAILABILITY,domains.list,2021-03-03 02:35:22.273353
bfp.bidgear.com,AVAILABILITY,domains.list,2021-03-03 02:35:23.785487
bh1.doubleclick.net,AVAILABILITY,domains.list,2021-03-03 02:35:24.467169
bevo.adsnative.com,AVAILABILITY,domains.list,2021-03-03 02:35:26.482517
bid.skyrocket.adtdp.com,AVAILABILITY,domains.list,2021-03-03 02:35:38.981868
bid.yldbt.com,AVAILABILITY,domains.list,2021-03-03 02:35:39.295319
bidder.aerserv.com,AVAILABILITY,domains.list,2021-03-03 02:35:40.616216
biddr.socdm.com,AVAILABILITY,domains.list,2021-03-03 02:35:46.951711
bid-us-east.onetag-sys.com,AVAILABILITY,domains.list,2021-03-03 02:35:51.118648
bigfish-dev-gce.weborama.com,AVAILABILITY,domains.list,2021-03-03 02:35:51.780483
bigjay.adsnative.com,AVAILABILITY,domains.list,2021-03-03 02:35:52.158596
bigjay-us-west-2.adsnative.com,AVAILABILITY,domains.list,2021-03-03 02:35:52.394947
billing-development.ematicsolutions.com,AVAILABILITY,domains.list,2021-03-03 02:35:52.846747
bioniccuddle.com,AVAILABILITY,domains.list,2021-03-03 02:35:54.678423
birthmarkagency.com,AVAILABILITY,domains.list,2021-03-03 02:35:55.068370
bitads.net,AVAILABILITY,domains.list,2021-03-03 02:35:55.108598
bitbucket-testing.districtm.net,AVAILABILITY,domains.list,2021-03-03 02:35:55.402991
bitisle1.iida.socdm.com,AVAILABILITY,domains.list,2021-03-03 02:35:56.289757
bitisle3.iida.socdm.com,AVAILABILITY,domains.list,2021-03-03 02:35:56.325556
bitisle2.iida.socdm.com,AVAILABILITY,domains.list,2021-03-03 02:35:56.616926
bitisle4.socdm.com,AVAILABILITY,domains.list,2021-03-03 02:35:57.273391
bitwarden.propellerads.com,AVAILABILITY,domains.list,2021-03-03 02:35:57.458807
bj1083.online,AVAILABILITY,domains.list,2021-03-03 02:35:58.376524
black.soju.openx.net,AVAILABILITY,domains.list,2021-03-03 02:35:59.054521
bkcdn.komoona.com,AVAILABILITY,domains.list,2021-03-03 02:35:59.154675
blackhole.ligatus.com,AVAILABILITY,domains.list,2021-03-03 02:35:59.798503
blockchain.jsecoin.com,AVAILABILITY,domains.list,2021-03-03 02:36:00.376468
blogger.breaktime.com.tw,AVAILABILITY,domains.list,2021-03-03 02:36:01.477182
blue.soju.openx.net,AVAILABILITY,domains.list,2021-03-03 02:36:02.334536
boca.urbanairship.com,AVAILABILITY,domains.list,2021-03-03 02:36:07.833272
bnpparibas.secure2.weborama.com,AVAILABILITY,domains.list,2021-03-03 02:36:07.941537
boersego-ads.de,AVAILABILITY,domains.list,2021-03-03 02:36:08.155298
booking.mediaz.vn,AVAILABILITY,domains.list,2021-03-03 02:36:09.356214
boost-dev-api.districtm.net,AVAILABILITY,domains.list,2021-03-03 02:36:09.612691
br2.x.cnt.my,AVAILABILITY,domains.list,2021-03-03 02:36:16.904540
brand.safedk.com,AVAILABILITY,domains.list,2021-03-03 02:36:18.404390
bre.fyber.com,AVAILABILITY,domains.list,2021-03-03 02:36:19.848982
brandsafe.adlooxtracking.com,AVAILABILITY,domains.list,2021-03-03 02:36:20.052612
brief.mediad.asia,AVAILABILITY,domains.list,2021-03-03 02:36:22.156688
broadcast.breaktime.com.tw,AVAILABILITY,domains.list,2021-03-03 02:36:22.860699
broker-builder.staging-video-v2.fyber.com,AVAILABILITY,domains.list,2021-03-03 02:36:23.452612
browser-tools.openx.net,AVAILABILITY,domains.list,2021-03-03 02:36:23.840097
broker.video-v2.fyber.com,AVAILABILITY,domains.list,2021-03-03 02:36:24.246899
bsc.microad.jp,AVAILABILITY,domains.list,2021-03-03 02:36:25.770394
bs-creatives-fix.fyber.com,AVAILABILITY,domains.list,2021-03-03 02:36:26.085815
bsw-ams.mediarithmics.com,AVAILABILITY,domains.list,2021-03-03 02:36:27.255013
btr.sharethis.com,AVAILABILITY,domains.list,2021-03-03 02:36:29.781920
build1500.scm.ev1.inmobi.com,AVAILABILITY,domains.list,2021-03-03 02:36:33.178620
build.ares.inmobi.com,AVAILABILITY,domains.list,2021-03-03 02:36:33.830762
build.powerlinks.com,AVAILABILITY,domains.list,2021-03-03 02:36:34.869259
bulk.pubnative.net,AVAILABILITY,domains.list,2021-03-03 02:36:37.369825
bumblebee.bnmla.com,AVAILABILITY,domains.list,2021-03-03 02:36:38.863063
bw.bidder.inmobi.com,AVAILABILITY,domains.list,2021-03-03 02:36:42.923706
bw-euwest-bidder.appd.inmobi.com,AVAILABILITY,domains.list,2021-03-03 02:36:43.403242
bvsrv.adk2x.com,AVAILABILITY,domains.list,2021-03-03 02:36:43.534432
bw-useast-bidder.appd.inmobi.com,AVAILABILITY,domains.list,2021-03-03 02:36:43.900832
bw-uswest-bidder.appd.inmobi.com,AVAILABILITY,domains.list,2021-03-03 02:36:44.279218
c0.st.anthill.vn,AVAILABILITY,domains.list,2021-03-03 02:36:52.872406
c1.blueseed.tv,AVAILABILITY,domains.list,2021-03-03 02:36:54.767207
c2.blueseed.tv,AVAILABILITY,domains.list,2021-03-03 02:36:56.873178
c3.blueseed.tv,AVAILABILITY,domains.list,2021-03-03 02:36:59.102722
c4.blueseed.tv,AVAILABILITY,domains.list,2021-03-03 02:37:02.428758
c5.blueseed.tv,AVAILABILITY,domains.list,2021-03-03 02:37:03.690565
c.aper.pw,AVAILABILITY,domains.list,2021-03-03 02:37:10.180355
c.blueserving.com,AVAILABILITY,domains.list,2021-03-03 02:37:10.761236
c.googlesyndication.com,AVAILABILITY,domains.list,2021-03-03 02:37:16.590091
c.mdotm.com,AVAILABILITY,domains.list,2021-03-03 02:37:18.148250
c.logging.admicro.vn,AVAILABILITY,domains.list,2021-03-03 02:37:18.716742
c.microsoft.com,AVAILABILITY,domains.list,2021-03-03 02:37:19.600378
c.newsinc.com,AVAILABILITY,domains.list,2021-03-03 02:37:20.694832
c.parsely.com,AVAILABILITY,domains.list,2021-03-03 02:37:22.431651
c.rigelink.com,AVAILABILITY,domains.list,2021-03-03 02:37:24.037578
c.lp.xapads.com,AVAILABILITY,domains.list,2021-03-03 02:37:27.716892
ca.akamai.startappservice.com,AVAILABILITY,domains.list,2021-03-03 02:37:32.218924
ca.origin.startappservice.com,AVAILABILITY,domains.list,2021-03-03 02:37:32.899310
cabelas.ugc.bazaarvoice.com,AVAILABILITY,domains.list,2021-03-03 02:37:33.923294
cache.adserver.yahoo.com,AVAILABILITY,domains.list,2021-03-03 02:37:35.063930
calvin.segment.com,AVAILABILITY,domains.list,2021-03-03 02:37:43.493130
cameri.advertserve.com,AVAILABILITY,domains.list,2021-03-03 02:37:43.555825
campaign.breaktime-inc.com,AVAILABILITY,domains.list,2021-03-03 02:37:45.180008
campaign-assets.voodoo-ads.io,AVAILABILITY,domains.list,2021-03-03 02:37:45.711291
capacitly.com,AVAILABILITY,domains.list,2021-03-03 02:37:49.469612
cap-ad.doublemax.net,AVAILABILITY,domains.list,2021-03-03 02:37:49.908647
caprofitx.adtdp.com,AVAILABILITY,domains.list,2021-03-03 02:37:51.138181
casesweetcube.com,AVAILABILITY,domains.list,2021-03-03 02:37:57.555602
casestudies.amplitude.com,AVAILABILITY,domains.list,2021-03-03 02:37:57.998888
cashorika.adk2x.com,AVAILABILITY,domains.list,2021-03-03 02:37:59.012171
cast-dev-mark-j.adtdp.com,AVAILABILITY,domains.list,2021-03-03 02:38:00.590336
cast-thirdpas-j.adtdp.com,AVAILABILITY,domains.list,2021-03-03 02:38:01.452537
catalog.mediarithmics.com,AVAILABILITY,domains.list,2021-03-03 02:38:02.761943
cbn.yldbt.com,AVAILABILITY,domains.list,2021-03-03 02:38:06.670557
ccde.events.marketo.com,AVAILABILITY,domains.list,2021-03-03 02:38:11.363441
cdn0.fyber.com,AVAILABILITY,domains.list,2021-03-03 02:38:14.039568
cd-lb.propellerads.com,AVAILABILITY,domains.list,2021-03-03 02:38:14.349641
cdn1.fyber.com,AVAILABILITY,domains.list,2021-03-03 02:38:15.491740
cdn1.playbuzz.com,AVAILABILITY,domains.list,2021-03-03 02:38:17.182084
cdn01.relap.io,AVAILABILITY,domains.list,2021-03-03 02:38:17.269508
cdn1.steelhousemedia.com,AVAILABILITY,domains.list,2021-03-03 02:38:18.178563
cdn1-marketplace.vntsm.com,AVAILABILITY,domains.list,2021-03-03 02:38:20.641087
cdn2.bnmla.com,AVAILABILITY,domains.list,2021-03-03 02:38:22.604299
cdn2.cpmstar.com,AVAILABILITY,domains.list,2021-03-03 02:38:23.387282
cdn2.fyber.com,AVAILABILITY,domains.list,2021-03-03 02:38:24.041786
cdn2.mxpnl.com,AVAILABILITY,domains.list,2021-03-03 02:38:28.413988
cdn2-marketplace.vntsm.com,AVAILABILITY,domains.list,2021-03-03 02:38:30.279925
cdn3.cpmstar.com,AVAILABILITY,domains.list,2021-03-03 02:38:32.181693
cdn3.fyber.com,AVAILABILITY,domains.list,2021-03-03 02:38:32.647737
cdn3.steelhousemedia.com,AVAILABILITY,domains.list,2021-03-03 02:38:34.308072
cdn4.fyber.com,AVAILABILITY,domains.list,2021-03-03 02:38:34.818312
cdn4s.steelhousemedia.com,AVAILABILITY,domains.list,2021-03-03 02:38:36.450612
cdn6.mdotm.com,AVAILABILITY,domains.list,2021-03-03 02:38:37.827640
cdn7.mdotm.com,AVAILABILITY,domains.list,2021-03-03 02:38:38.532539
cdn10.mdotm.com,AVAILABILITY,domains.list,2021-03-03 02:38:38.776384
cdn11.relap.io,AVAILABILITY,domains.list,2021-03-03 02:38:39.663328
cdn12.relap.io,AVAILABILITY,domains.list,2021-03-03 02:38:40.040194
cdn.accelerator.arsdev.net,AVAILABILITY,domains.list,2021-03-03 02:38:41.824197
cdn.adasiaholdings.com,AVAILABILITY,domains.list,2021-03-03 02:38:44.997138
cdn.adk2x.com,AVAILABILITY,domains.list,2021-03-03 02:38:48.848309
cdn.adsaro.net,AVAILABILITY,domains.list,2021-03-03 02:38:51.782596
cdn.ad-score.com,AVAILABILITY,domains.list,2021-03-03 02:38:51.794327
cdn.adsnative.com,AVAILABILITY,domains.list,2021-03-03 02:38:53.083156
cdn.adthrive.com,AVAILABILITY,domains.list,2021-03-03 02:38:55.203923
cdn.aralego.com,AVAILABILITY,domains.list,2021-03-03 02:39:06.106228
cdn.avocarrot.com,AVAILABILITY,domains.list,2021-03-03 02:39:10.706480
cdn.bebi.com,AVAILABILITY,domains.list,2021-03-03 02:39:12.444792
cdn.bee7.com,AVAILABILITY,domains.list,2021-03-03 02:39:13.191397
cdn.bizographics.com,AVAILABILITY,domains.list,2021-03-03 02:39:18.090697
cdn.clarium.io,AVAILABILITY,domains.list,2021-03-03 02:39:24.304789
cdn2.mdotm.com,AVAILABILITY,domains.list,2021-03-03 02:39:25.501709
cdn.digitru.st,AVAILABILITY,domains.list,2021-03-03 02:39:30.486605
cdn.fyber.com,AVAILABILITY,domains.list,2021-03-03 02:39:34.516059
cdn.im-apps.net,AVAILABILITY,domains.list,2021-03-03 02:39:37.845551
cdn.innity.com,AVAILABILITY,domains.list,2021-03-03 02:39:38.844013
cdn.loopme.me,AVAILABILITY,domains.list,2021-03-03 02:39:44.168163
cdn.mdotm.com,AVAILABILITY,domains.list,2021-03-03 02:39:46.445905
cdn.millennialmedia.com,AVAILABILITY,domains.list,2021-03-03 02:39:52.285148
cdn.mobileapptracking.com,AVAILABILITY,domains.list,2021-03-03 02:39:52.932043
cdn.mppmnetwork.com,AVAILABILITY,domains.list,2021-03-03 02:39:54.645306
cdn.powerlinks.com,AVAILABILITY,domains.list,2021-03-03 02:39:59.498531
cdn.refpa.top,AVAILABILITY,domains.list,2021-03-03 02:40:05.759486
cdn.rungrinh.vn,AVAILABILITY,domains.list,2021-03-03 02:40:09.245815
cdn.sharethis.com,AVAILABILITY,domains.list,2021-03-03 02:40:10.573089
cdn.staging.connatix.com,AVAILABILITY,domains.list,2021-03-03 02:40:14.946300
cdn.steelhousemedia.com,AVAILABILITY,domains.list,2021-03-03 02:40:15.891904
cdn.skyrocket.adtdp.com,AVAILABILITY,domains.list,2021-03-03 02:40:16.066942
cdn.takataka.coccoc.com,AVAILABILITY,domains.list,2021-03-03 02:40:20.661318
cdn.us-east.adctrl.com,AVAILABILITY,domains.list,2021-03-03 02:40:24.742168
cdn.vungle.com,AVAILABILITY,domains.list,2021-03-03 02:40:25.945702
cdn.yldbt.com,AVAILABILITY,domains.list,2021-03-03 02:40:27.617168
cdna.mdotm.com,AVAILABILITY,domains.list,2021-03-03 02:40:28.119715
cdna.adgrx.com,AVAILABILITY,domains.list,2021-03-03 02:40:28.756662
cdn-ap.33across.com,AVAILABILITY,domains.list,2021-03-03 02:40:31.992954
cdn-c.amazon-adsystem.com,AVAILABILITY,domains.list,2021-03-03 02:40:34.685762
cdn-cmp-advertising-com.geo.adtechus.com,AVAILABILITY,domains.list,2021-03-03 02:40:37.584984
cdne.cpmstar.com,AVAILABILITY,domains.list,2021-03-03 02:40:40.959540
cdn-eb.syndication.twitter.com,AVAILABILITY,domains.list,2021-03-03 02:40:41.936819
cdngs.mdotm.com,AVAILABILITY,domains.list,2021-03-03 02:40:45.654957
cdnh.mdotm.com,AVAILABILITY,domains.list,2021-03-03 02:40:46.091120
cdni.vdopia.com,AVAILABILITY,domains.list,2021-03-03 02:40:57.366189
cdnp.pushspring.com,AVAILABILITY,domains.list,2021-03-03 02:40:58.877433
cdn-s.amazon-adsystem.com,AVAILABILITY,domains.list,2021-03-03 02:41:01.891107
cdns.o333o.com,AVAILABILITY,domains.list,2021-03-03 02:41:03.670499
cdn-use.adctrl.com,AVAILABILITY,domains.list,2021-03-03 02:41:08.575426
cdnv1.mdotm.com,AVAILABILITY,domains.list,2021-03-03 02:41:08.586289
cdn-z.amazon-adsystem.com,AVAILABILITY,domains.list,2021-03-03 02:41:10.463277
ceast.adsymptotic.com,AVAILABILITY,domains.list,2021-03-03 02:41:14.040886
cel.infolinks.com,AVAILABILITY,domains.list,2021-03-03 02:41:14.763161
cerberus.production.ap-southeast-2.kops.kargo.com,AVAILABILITY,domains.list,2021-03-03 02:41:17.198266
cerulean.amplitude.com,AVAILABILITY,domains.list,2021-03-03 02:41:19.799625
cf.doublemax.net,AVAILABILITY,domains.list,2021-03-03 02:41:24.516398
cf-admin.doublemax.net,AVAILABILITY,domains.list,2021-03-03 02:41:26.844606
cf-aws-adserver-origin.adtechjp.com,AVAILABILITY,domains.list,2021-03-03 02:41:27.434668
cf-aws-adserver-origin-ap-northeast-1.adtechjp.com,AVAILABILITY,domains.list,2021-03-03 02:41:27.559582
cf-aws-adserver-origin-ap-southeast-1.adtechjp.com,AVAILABILITY,domains.list,2021-03-03 02:41:27.961373
cflcs.media.net,AVAILABILITY,domains.list,2021-03-03 02:41:29.719091
cftest.adsnative.com,AVAILABILITY,domains.list,2021-03-03 02:41:30.273964
cf-test.doublemax.net,AVAILABILITY,domains.list,2021-03-03 02:41:30.821979
cf-wp-prod.sharethis.com,AVAILABILITY,domains.list,2021-03-03 02:41:30.917029
changelog.logrocket.com,AVAILABILITY,domains.list,2021-03-03 02:41:34.015135
chantal.parrable.com,AVAILABILITY,domains.list,2021-03-03 02:41:34.776096
chat.instartlogic.com,AVAILABILITY,domains.list,2021-03-03 02:41:38.361705
chat.urbanairship.com,AVAILABILITY,domains.list,2021-03-03 02:41:38.667887
chatbot.taxel.jp,AVAILABILITY,domains.list,2021-03-03 02:41:39.578770
chatear.weborama.com,AVAILABILITY,domains.list,2021-03-03 02:41:42.608232
chd.parrable.com,AVAILABILITY,domains.list,2021-03-03 02:41:42.834993
cdnh1.mdotm.com,AVAILABILITY,domains.list,2021-03-03 02:41:43.862840
chef.rob.ops.kochava.com,AVAILABILITY,domains.list,2021-03-03 02:41:44.322208
chproxy-test.powerlinks.com,AVAILABILITY,domains.list,2021-03-03 02:41:48.802968
chris-gcp.logrocket.io,AVAILABILITY,domains.list,2021-03-03 02:41:49.295643
chocolate-trackers.us-east-1.resources.vdopia.com,AVAILABILITY,domains.list,2021-03-03 02:41:49.337294
chris-test.logrocket.io,AVAILABILITY,domains.list,2021-03-03 02:41:50.109648
ci.publift.com,AVAILABILITY,domains.list,2021-03-03 02:41:52.534640
ci-mpsnare.iesnare.com,AVAILABILITY,domains.list,2021-03-03 02:41:54.041007
cj1083.online,AVAILABILITY,domains.list,2021-03-03 02:41:55.625892
ck.surfcountor.com,AVAILABILITY,domains.list,2021-03-03 02:41:58.799096
clariad.adk2x.com,AVAILABILITY,domains.list,2021-03-03 02:41:59.675761
class-act-clicks.com,AVAILABILITY,domains.list,2021-03-03 02:42:00.532361
cldfm.adtdp.com,AVAILABILITY,domains.list,2021-03-03 02:42:09.632474
clearbid.uberads.com,AVAILABILITY,domains.list,2021-03-03 02:42:11.076929
cle-test1.adomik.com,AVAILABILITY,domains.list,2021-03-03 02:42:14.202255
cle-test2.adomik.com,AVAILABILITY,domains.list,2021-03-03 02:42:14.461970
clic2pub.adk2x.com,AVAILABILITY,domains.list,2021-03-03 02:42:15.900625
click2.mppmnetwork.com,AVAILABILITY,domains.list,2021-03-03 02:42:16.613644
click.ambimob.com,AVAILABILITY,domains.list,2021-03-03 02:42:19.253199
click.api.cp.tune.com,AVAILABILITY,domains.list,2021-03-03 02:42:19.958324
click.rayads.cn,AVAILABILITY,domains.list,2021-03-03 02:42:28.019461
click.skyrocket.adtdp.com,AVAILABILITY,domains.list,2021-03-03 02:42:33.853777
click-ads.saoteen.net,AVAILABILITY,domains.list,2021-03-03 02:42:33.885383
clickbuy.bz,AVAILABILITY,domains.list,2021-03-03 02:42:35.027673
click-cluster.mediaforge.com,AVAILABILITY,domains.list,2021-03-03 02:42:35.474668
clicktrack.bnmla.com,AVAILABILITY,domains.list,2021-03-03 02:42:40.682817
client.build.optimizely.com,AVAILABILITY,domains.list,2021-03-03 02:42:42.494586
client.optimizely.com,AVAILABILITY,domains.list,2021-03-03 02:42:42.799472
client-error-log.dz.optimizely.com,AVAILABILITY,domains.list,2021-03-03 02:42:45.502329
client-event-reporter.twitch.tv,AVAILABILITY,domains.list,2021-03-03 02:42:46.523403
clientmanagement.aws.lijit.com,AVAILABILITY,domains.list,2021-03-03 02:42:47.636184
client.vietnamnetad.vn,AVAILABILITY,domains.list,2021-03-03 02:42:47.831756
client-portal.fuseplatform.net,AVAILABILITY,domains.list,2021-03-03 02:42:49.482712
clients.advertising.com,AVAILABILITY,domains.list,2021-03-03 02:42:50.104789
clients.mediaforge.com,AVAILABILITY,domains.list,2021-03-03 02:42:50.202497
clientstats.advertising.com,AVAILABILITY,domains.list,2021-03-03 02:42:51.938323
clix.vn,AVAILABILITY,domains.list,2021-03-03 02:42:53.093613
cloud.adthrive.com,AVAILABILITY,domains.list,2021-03-03 02:42:56.124692
cl-stg.perimeterx.net,AVAILABILITY,domains.list,2021-03-03 02:43:00.153161
cm.doublemax.net,AVAILABILITY,domains.list,2021-03-03 02:43:05.447943
cm.revcontent.com,AVAILABILITY,domains.list,2021-03-03 02:43:06.832241
cm.send.microadinc.com,AVAILABILITY,domains.list,2021-03-03 02:43:07.926436
cma.production.us-east-1.kops.kargo.com,AVAILABILITY,domains.list,2021-03-03 02:43:08.725810
cma.production.ap-southeast-2.kops.kargo.com,AVAILABILITY,domains.list,2021-03-03 02:43:09.643253
cmap.am.ace.advertising.com,AVAILABILITY,domains.list,2021-03-03 02:43:10.233836
cmap.an.ace.advertising.com,AVAILABILITY,domains.list,2021-03-03 02:43:10.662888
cmap.at.ace.advertising.com,AVAILABILITY,domains.list,2021-03-03 02:43:10.863892
cmap.ox.ace.advertising.com,AVAILABILITY,domains.list,2021-03-03 02:43:11.672077
cmap.dc.ace.advertising.com,AVAILABILITY,domains.list,2021-03-03 02:43:11.966640
cmap.pub.ace.advertising.com,AVAILABILITY,domains.list,2021-03-03 02:43:12.447102
cmap.rub.ace.advertising.com,AVAILABILITY,domains.list,2021-03-03 02:43:12.999111
cmap.rm.ace.advertising.com,AVAILABILITY,domains.list,2021-03-03 02:43:13.235529
cm-s1.revcontent.com,AVAILABILITY,domains.list,2021-03-03 02:43:16.157864
cms.advertising.com,AVAILABILITY,domains.list,2021-03-03 02:43:16.224559
cm-us-central1.adsnative.com,AVAILABILITY,domains.list,2021-03-03 02:43:19.744391
cn.criteo.net,AVAILABILITY,domains.list,2021-03-03 02:43:21.543768
cname1.igexin.com,AVAILABILITY,domains.list,2021-03-03 02:43:22.175742
cnative.propellerads.com,AVAILABILITY,domains.list,2021-03-03 02:43:23.389355
cname2.igexin.com,AVAILABILITY,domains.list,2021-03-03 02:43:23.725628
cnd.yldbt.com,AVAILABILITY,domains.list,2021-03-03 02:43:24.922029
cname3.igexin.com,AVAILABILITY,domains.list,2021-03-03 02:43:31.515714
cog2.bnmla.com,AVAILABILITY,domains.list,2021-03-03 02:43:35.998643
collect.igodigital.com,AVAILABILITY,domains.list,2021-03-03 02:43:37.237219
collective.kochava.com,AVAILABILITY,domains.list,2021-03-03 02:43:38.583013
collector.apester.com,AVAILABILITY,domains.list,2021-03-03 02:43:39.066319
colpirio.ibillboard.com,AVAILABILITY,domains.list,2021-03-03 02:43:40.940429
comping.chartbeat.net,AVAILABILITY,domains.list,2021-03-03 02:43:46.247588
composer.segment.com,AVAILABILITY,domains.list,2021-03-03 02:43:47.078756
